Price,Adj Close,Close,High,Low,Open,Volume
Ticker,BTC-USD,BTC-USD,BTC-USD,BTC-USD,BTC-USD,BTC-USD
Date,,,,,,
2020-11-28 00:00:00+00:00,17717.4140625,17717.4140625,17853.939453125,16910.65234375,17112.93359375,32601040734
2020-11-29 00:00:00+00:00,18177.484375,18177.484375,18283.62890625,17559.1171875,17719.634765625,31133957704
2020-11-30 00:00:00+00:00,19625.8359375,19625.8359375,19749.263671875,18178.322265625,18178.322265625,47728480399
2020-12-01 00:00:00+00:00,18802.998046875,18802.998046875,19845.974609375,18321.921875,19633.76953125,49633658712
2020-12-02 00:00:00+00:00,19201.091796875,19201.091796875,19308.330078125,18347.71875,18801.744140625,37387697139
2020-12-03 00:00:00+00:00,19445.3984375,19445.3984375,19566.19140625,18925.78515625,19205.92578125,31930317405
2020-12-04 00:00:00+00:00,18699.765625,18699.765625,19511.404296875,18697.193359375,19446.966796875,33872388058
2020-12-05 00:00:00+00:00,19154.23046875,19154.23046875,19160.44921875,18590.193359375,18698.384765625,27242455064
2020-12-06 00:00:00+00:00,19345.12109375,19345.12109375,19390.5,18897.89453125,19154.1796875,25293775714
2020-12-07 00:00:00+00:00,19191.630859375,19191.630859375,19411.828125,18931.142578125,19343.12890625,26896357742
2020-12-08 00:00:00+00:00,18321.14453125,18321.14453125,19283.478515625,18269.9453125,19191.529296875,31692288756
2020-12-09 00:00:00+00:00,18553.916015625,18553.916015625,18626.29296875,17935.546875,18320.884765625,34420373071
2020-12-10 00:00:00+00:00,18264.9921875,18264.9921875,18553.298828125,17957.064453125,18553.298828125,25547132265
2020-12-11 00:00:00+00:00,18058.904296875,18058.904296875,18268.453125,17619.533203125,18263.9296875,27919640985
2020-12-12 00:00:00+00:00,18803.65625,18803.65625,18919.55078125,18046.041015625,18051.3203125,21752580802
2020-12-13 00:00:00+00:00,19142.3828125,19142.3828125,19381.53515625,18734.33203125,18806.765625,25450468637
2020-12-14 00:00:00+00:00,19246.64453125,19246.64453125,19305.099609375,19012.708984375,19144.4921875,22473997681
2020-12-15 00:00:00+00:00,19417.076171875,19417.076171875,19525.0078125,19079.841796875,19246.919921875,26741982541
2020-12-16 00:00:00+00:00,21310.59765625,21310.59765625,21458.908203125,19298.31640625,19418.818359375,44409011479
2020-12-17 00:00:00+00:00,22805.162109375,22805.162109375,23642.66015625,21234.67578125,21308.3515625,71378606374
2020-12-18 00:00:00+00:00,23137.9609375,23137.9609375,23238.6015625,22399.8125,22806.796875,40387896275
2020-12-19 00:00:00+00:00,23869.83203125,23869.83203125,24085.85546875,22826.47265625,23132.865234375,38487546580
2020-12-20 00:00:00+00:00,23477.294921875,23477.294921875,24209.66015625,23147.7109375,23861.765625,37844228422
2020-12-21 00:00:00+00:00,22803.08203125,22803.08203125,24059.982421875,22159.3671875,23474.455078125,45852713981
2020-12-22 00:00:00+00:00,23783.029296875,23783.029296875,23789.90234375,22430.60546875,22794.0390625,44171632681
2020-12-23 00:00:00+00:00,23241.345703125,23241.345703125,24024.490234375,22802.646484375,23781.974609375,51146161904
2020-12-24 00:00:00+00:00,23735.94921875,23735.94921875,23768.337890625,22777.59765625,23240.203125,41080759713
2020-12-25 00:00:00+00:00,24664.791015625,24664.791015625,24710.1015625,23463.673828125,23733.5703125,42068395846
2020-12-26 00:00:00+00:00,26437.037109375,26437.037109375,26718.0703125,24522.689453125,24677.015625,48332647295
2020-12-27 00:00:00+00:00,26272.294921875,26272.294921875,28288.83984375,25922.76953125,26439.373046875,66479895605
2020-12-28 00:00:00+00:00,27084.80859375,27084.80859375,27389.111328125,26207.640625,26280.822265625,49056742893
2020-12-29 00:00:00+00:00,27362.4375,27362.4375,27370.720703125,25987.298828125,27081.810546875,45265946774
2020-12-30 00:00:00+00:00,28840.953125,28840.953125,28937.740234375,27360.08984375,27360.08984375,51287442704
2020-12-31 00:00:00+00:00,29001.720703125,29001.720703125,29244.876953125,28201.9921875,28841.57421875,46754964848
2021-01-01 00:00:00+00:00,29374.15234375,29374.15234375,29600.626953125,28803.5859375,28994.009765625,40730301359
2021-01-02 00:00:00+00:00,32127.267578125,32127.267578125,33155.1171875,29091.181640625,29376.455078125,67865420765
2021-01-03 00:00:00+00:00,32782.0234375,32782.0234375,34608.55859375,32052.31640625,32129.408203125,78665235202
2021-01-04 00:00:00+00:00,31971.9140625,31971.9140625,33440.21875,28722.755859375,32810.94921875,81163475344
2021-01-05 00:00:00+00:00,33992.4296875,33992.4296875,34437.58984375,30221.1875,31977.041015625,67547324782
2021-01-06 00:00:00+00:00,36824.36328125,36824.36328125,36879.69921875,33514.03515625,34013.61328125,75289433811
2021-01-07 00:00:00+00:00,39371.04296875,39371.04296875,40180.3671875,36491.19140625,36833.875,84762141031
2021-01-08 00:00:00+00:00,40797.609375,40797.609375,41946.73828125,36838.63671875,39381.765625,88107519480
2021-01-09 00:00:00+00:00,40254.546875,40254.546875,41436.3515625,38980.875,40788.640625,61984162837
2021-01-10 00:00:00+00:00,38356.44140625,38356.44140625,41420.19140625,35984.62890625,40254.21875,79980747690
2021-01-11 00:00:00+00:00,35566.65625,35566.65625,38346.53125,30549.599609375,38346.53125,123320567399
2021-01-12 00:00:00+00:00,33922.9609375,33922.9609375,36568.52734375,32697.9765625,35516.359375,74773277909
2021-01-13 00:00:00+00:00,37316.359375,37316.359375,37599.9609375,32584.66796875,33915.12109375,69364315979
2021-01-14 00:00:00+00:00,39187.328125,39187.328125,39966.40625,36868.5625,37325.109375,63615990033
2021-01-15 00:00:00+00:00,36825.3671875,36825.3671875,39577.7109375,34659.58984375,39156.70703125,67760757881
2021-01-16 00:00:00+00:00,36178.140625,36178.140625,37864.3671875,35633.5546875,36821.6484375,57706187875
2021-01-17 00:00:00+00:00,35791.27734375,35791.27734375,36722.3515625,34069.3203125,36163.6484375,52359854336
2021-01-18 00:00:00+00:00,36630.07421875,36630.07421875,37299.28515625,34883.84375,35792.23828125,49511702429
2021-01-19 00:00:00+00:00,36069.8046875,36069.8046875,37755.890625,36069.8046875,36642.234375,57244195486
2021-01-20 00:00:00+00:00,35547.75,35547.75,36378.328125,33570.4765625,36050.11328125,66834573161
2021-01-21 00:00:00+00:00,30825.69921875,30825.69921875,35552.6796875,30250.75,35549.3984375,75643067688
2021-01-22 00:00:00+00:00,33005.76171875,33005.76171875,33811.8515625,28953.373046875,30817.625,77207272511
2021-01-23 00:00:00+00:00,32067.642578125,32067.642578125,33360.9765625,31493.16015625,32985.7578125,48354737975
2021-01-24 00:00:00+00:00,32289.37890625,32289.37890625,32944.0078125,31106.685546875,32064.376953125,48643830599
2021-01-25 00:00:00+00:00,32366.392578125,32366.392578125,34802.7421875,32087.787109375,32285.798828125,59897054838
2021-01-26 00:00:00+00:00,32569.849609375,32569.849609375,32794.55078125,31030.265625,32358.61328125,60255421470
2021-01-27 00:00:00+00:00,30432.546875,30432.546875,32564.029296875,29367.138671875,32564.029296875,62576762015
2021-01-28 00:00:00+00:00,33466.09765625,33466.09765625,33858.3125,30023.20703125,30441.041015625,76517157706
2021-01-29 00:00:00+00:00,34316.38671875,34316.38671875,38406.26171875,32064.814453125,34318.671875,117894572511
2021-01-30 00:00:00+00:00,34269.5234375,34269.5234375,34834.70703125,32940.1875,34295.93359375,65141828798
2021-01-31 00:00:00+00:00,33114.359375,33114.359375,34288.33203125,32270.17578125,34270.87890625,52754542671
2021-02-01 00:00:00+00:00,33537.17578125,33537.17578125,34638.21484375,32384.228515625,33114.578125,61400400660
2021-02-02 00:00:00+00:00,35510.2890625,35510.2890625,35896.8828125,33489.21875,33533.19921875,63088585433
2021-02-03 00:00:00+00:00,37472.08984375,37472.08984375,37480.1875,35443.984375,35510.8203125,61166818159
2021-02-04 00:00:00+00:00,36926.06640625,36926.06640625,38592.17578125,36317.5,37475.10546875,68838074392
2021-02-05 00:00:00+00:00,38144.30859375,38144.30859375,38225.90625,36658.76171875,36931.546875,58598066402
2021-02-06 00:00:00+00:00,39266.01171875,39266.01171875,40846.546875,38138.38671875,38138.38671875,71326033653
2021-02-07 00:00:00+00:00,38903.44140625,38903.44140625,39621.8359375,37446.15234375,39250.19140625,65500641143
2021-02-08 00:00:00+00:00,46196.46484375,46196.46484375,46203.9296875,38076.32421875,38886.828125,101467222687
2021-02-09 00:00:00+00:00,46481.10546875,46481.10546875,48003.72265625,45166.9609375,46184.9921875,91809846886
2021-02-10 00:00:00+00:00,44918.18359375,44918.18359375,47145.56640625,43881.15234375,46469.76171875,87301089896
2021-02-11 00:00:00+00:00,47909.33203125,47909.33203125,48463.46875,44187.76171875,44898.7109375,81388911810
2021-02-12 00:00:00+00:00,47504.8515625,47504.8515625,48745.734375,46424.9765625,47877.03515625,76555041196
2021-02-13 00:00:00+00:00,47105.515625,47105.515625,48047.74609375,46392.28125,47491.203125,70250456155
2021-02-14 00:00:00+00:00,48717.2890625,48717.2890625,49487.640625,47114.5078125,47114.5078125,71248675228
2021-02-15 00:00:00+00:00,47945.05859375,47945.05859375,48875.5703125,46347.4765625,48696.53515625,77069903166
2021-02-16 00:00:00+00:00,49199.87109375,49199.87109375,50341.1015625,47201.3046875,47944.45703125,77049582886
2021-02-17 00:00:00+00:00,52149.0078125,52149.0078125,52533.9140625,49072.37890625,49207.27734375,80820545404
2021-02-18 00:00:00+00:00,51679.796875,51679.796875,52474.10546875,51015.765625,52140.97265625,52054723579
2021-02-19 00:00:00+00:00,55888.1328125,55888.1328125,56113.65234375,50937.27734375,51675.98046875,63495496918
2021-02-20 00:00:00+00:00,56099.51953125,56099.51953125,57505.2265625,54626.55859375,55887.3359375,68145460026
2021-02-21 00:00:00+00:00,57539.9453125,57539.9453125,58330.5703125,55672.609375,56068.56640625,51897585191
2021-02-22 00:00:00+00:00,54207.3203125,54207.3203125,57533.390625,48967.56640625,57532.73828125,92052420332
2021-02-23 00:00:00+00:00,48824.42578125,48824.42578125,54204.9296875,45290.58984375,54204.9296875,106102492824
2021-02-24 00:00:00+00:00,49705.33203125,49705.33203125,51290.13671875,47213.5,48835.0859375,63695521388
2021-02-25 00:00:00+00:00,47093.8515625,47093.8515625,51948.96875,47093.8515625,49709.08203125,54506565949
2021-02-26 00:00:00+00:00,46339.76171875,46339.76171875,48370.78515625,44454.84375,47180.46484375,350967941479
2021-02-27 00:00:00+00:00,46188.453125,46188.453125,48253.26953125,45269.02734375,46344.7734375,45910946382
2021-02-28 00:00:00+00:00,45137.76953125,45137.76953125,46716.4296875,43241.6171875,46194.015625,53443887451
2021-03-01 00:00:00+00:00,49631.2421875,49631.2421875,49784.015625,45115.09375,45159.50390625,53891300112
2021-03-02 00:00:00+00:00,48378.98828125,48378.98828125,50127.51171875,47228.84375,49612.10546875,47530897720
2021-03-03 00:00:00+00:00,50538.2421875,50538.2421875,52535.13671875,48274.3203125,48415.81640625,53220811975
2021-03-04 00:00:00+00:00,48561.16796875,48561.16796875,51735.08984375,47656.9296875,50522.3046875,52343816680
2021-03-05 00:00:00+00:00,48927.3046875,48927.3046875,49396.4296875,46542.515625,48527.03125,48625928883
2021-03-06 00:00:00+00:00,48912.3828125,48912.3828125,49147.21875,47257.52734375,48899.23046875,34363564661
2021-03-07 00:00:00+00:00,51206.69140625,51206.69140625,51384.3671875,48918.6796875,48918.6796875,43137459378
2021-03-08 00:00:00+00:00,52246.5234375,52246.5234375,52314.0703125,49506.0546875,51174.1171875,48597428048
2021-03-09 00:00:00+00:00,54824.1171875,54824.1171875,54824.1171875,51981.83203125,52272.96875,50912227385
2021-03-10 00:00:00+00:00,56008.55078125,56008.55078125,57258.25390625,53290.890625,54824.01171875,57295577614
2021-03-11 00:00:00+00:00,57805.12109375,57805.12109375,58091.0625,54484.59375,55963.1796875,56772343595
2021-03-12 00:00:00+00:00,57332.08984375,57332.08984375,57996.62109375,55376.6484375,57821.21875,55689944702
2021-03-13 00:00:00+00:00,61243.0859375,61243.0859375,61683.86328125,56217.97265625,57343.37109375,60669829814
2021-03-14 00:00:00+00:00,59302.31640625,59302.31640625,61597.91796875,59302.31640625,61221.1328125,43901225564
2021-03-15 00:00:00+00:00,55907.19921875,55907.19921875,60540.9921875,55393.1640625,59267.4296875,66419369890
2021-03-16 00:00:00+00:00,56804.90234375,56804.90234375,56833.1796875,53555.02734375,55840.78515625,59749798599
2021-03-17 00:00:00+00:00,58870.89453125,58870.89453125,58969.81640625,54528.62890625,56825.828125,60258313191
2021-03-18 00:00:00+00:00,57858.921875,57858.921875,60116.25,54253.578125,58893.078125,55746041000
2021-03-19 00:00:00+00:00,58346.65234375,58346.65234375,59498.375,56643.703125,57850.44140625,49063873786
2021-03-20 00:00:00+00:00,58313.64453125,58313.64453125,60031.28515625,58213.296875,58332.26171875,50361731222
2021-03-21 00:00:00+00:00,57523.421875,57523.421875,58767.8984375,56005.6171875,58309.9140625,51943414539
2021-03-22 00:00:00+00:00,54529.14453125,54529.14453125,58471.48046875,54288.15625,57517.890625,56521454974
2021-03-23 00:00:00+00:00,54738.9453125,54738.9453125,55985.44140625,53470.6953125,54511.66015625,56435023914
2021-03-24 00:00:00+00:00,52774.265625,52774.265625,57262.3828125,52514.33203125,54710.48828125,70567223787
2021-03-25 00:00:00+00:00,51704.16015625,51704.16015625,53392.38671875,50856.5703125,52726.74609375,67999812841
2021-03-26 00:00:00+00:00,55137.3125,55137.3125,55137.3125,51579.85546875,51683.01171875,56652197978
2021-03-27 00:00:00+00:00,55973.51171875,55973.51171875,56568.21484375,54242.91015625,55137.56640625,47266542233
2021-03-28 00:00:00+00:00,55950.74609375,55950.74609375,56610.3125,55071.11328125,55974.94140625,47686580918
2021-03-29 00:00:00+00:00,57750.19921875,57750.19921875,58342.09765625,55139.33984375,55947.8984375,57625587027
2021-03-30 00:00:00+00:00,58917.69140625,58917.69140625,59447.22265625,57251.55078125,57750.1328125,54414116432
2021-03-31 00:00:00+00:00,58918.83203125,58918.83203125,59930.02734375,57726.41796875,58930.27734375,65520826225
2021-04-01 00:00:00+00:00,59095.80859375,59095.80859375,59586.0703125,58505.27734375,58926.5625,61669163792
2021-04-02 00:00:00+00:00,59384.3125,59384.3125,60267.1875,58869.28125,59098.87890625,58727860620
2021-04-03 00:00:00+00:00,57603.890625,57603.890625,60110.26953125,57603.890625,59397.41015625,59641344484
2021-04-04 00:00:00+00:00,58758.5546875,58758.5546875,58913.74609375,57168.67578125,57604.83984375,50749662970
2021-04-05 00:00:00+00:00,59057.87890625,59057.87890625,59891.296875,57694.82421875,58760.875,60706272115
2021-04-06 00:00:00+00:00,58192.359375,58192.359375,59479.578125,57646.80859375,59171.93359375,66058027988
2021-04-07 00:00:00+00:00,56048.9375,56048.9375,58731.14453125,55604.0234375,58186.5078125,75645303584
2021-04-08 00:00:00+00:00,58323.953125,58323.953125,58338.73828125,55879.0859375,56099.9140625,53053855641
2021-04-09 00:00:00+00:00,58245.00390625,58245.00390625,58937.046875,57807.86328125,58326.5625,46655208546
2021-04-10 00:00:00+00:00,59793.234375,59793.234375,61276.6640625,58038.70703125,58253.77734375,58238470525
2021-04-11 00:00:00+00:00,60204.96484375,60204.96484375,60790.5546875,59289.796875,59846.23046875,46280252580
2021-04-12 00:00:00+00:00,59893.453125,59893.453125,61253.03515625,59589.875,60175.9453125,51828688519
2021-04-13 00:00:00+00:00,63503.45703125,63503.45703125,63742.28515625,59869.95703125,59890.01953125,69983454362
2021-04-14 00:00:00+00:00,63109.6953125,63109.6953125,64863.09765625,61554.796875,63523.75390625,77451779687
2021-04-15 00:00:00+00:00,63314.01171875,63314.01171875,63821.671875,62208.96484375,63075.1953125,60954381579
2021-04-16 00:00:00+00:00,61572.7890625,61572.7890625,63594.72265625,60222.53125,63258.50390625,84293007468
2021-04-17 00:00:00+00:00,60683.8203125,60683.8203125,62572.17578125,60361.3515625,61529.921875,66138759198
2021-04-18 00:00:00+00:00,56216.18359375,56216.18359375,61057.45703125,52829.53515625,60701.88671875,97468872758
2021-04-19 00:00:00+00:00,55724.265625,55724.265625,57520.0546875,54368.59375,56191.5859375,65344865159
2021-04-20 00:00:00+00:00,56473.03125,56473.03125,57062.1484375,53448.046875,55681.79296875,67849323955
2021-04-21 00:00:00+00:00,53906.08984375,53906.08984375,56757.97265625,53695.46875,56471.12890625,54926612466
2021-04-22 00:00:00+00:00,51762.2734375,51762.2734375,55410.23046875,50583.8125,53857.10546875,74798630778
2021-04-23 00:00:00+00:00,51093.65234375,51093.65234375,52120.79296875,47714.6640625,51739.80859375,86668667320
2021-04-24 00:00:00+00:00,50050.8671875,50050.8671875,51167.5625,48805.28515625,51143.2265625,49014494781
2021-04-25 00:00:00+00:00,49004.25390625,49004.25390625,50506.01953125,47159.484375,50052.83203125,46117114240
2021-04-26 00:00:00+00:00,54021.75390625,54021.75390625,54288.00390625,48852.796875,49077.79296875,58284039825
2021-04-27 00:00:00+00:00,55033.1171875,55033.1171875,55416.96484375,53319.1875,54030.3046875,49448222757
2021-04-28 00:00:00+00:00,54824.703125,54824.703125,56227.20703125,53887.91796875,55036.63671875,48000572955
2021-04-29 00:00:00+00:00,53555.109375,53555.109375,55115.84375,52418.02734375,54858.08984375,46088929780
2021-04-30 00:00:00+00:00,57750.17578125,57750.17578125,57900.71875,53129.6015625,53568.6640625,52395931985
2021-05-01 00:00:00+00:00,57828.05078125,57828.05078125,58448.33984375,57052.2734375,57714.6640625,42836427360
2021-05-02 00:00:00+00:00,56631.078125,56631.078125,57902.59375,56141.90625,57825.86328125,38177405335
2021-05-03 00:00:00+00:00,57200.29296875,57200.29296875,58973.30859375,56590.87109375,56620.2734375,51713139031
2021-05-04 00:00:00+00:00,53333.5390625,53333.5390625,57214.1796875,53191.42578125,57214.1796875,68564706967
2021-05-05 00:00:00+00:00,57424.0078125,57424.0078125,57911.36328125,52969.0546875,53252.1640625,69241316747
2021-05-06 00:00:00+00:00,56396.515625,56396.515625,58363.31640625,55382.5078125,57441.30859375,69523285106
2021-05-07 00:00:00+00:00,57356.40234375,57356.40234375,58606.6328125,55321.84765625,56413.953125,68434023376
2021-05-08 00:00:00+00:00,58803.77734375,58803.77734375,59464.61328125,56975.2109375,57352.765625,65382980634
2021-05-09 00:00:00+00:00,58232.31640625,58232.31640625,59210.8828125,56482.00390625,58877.390625,65906690347
2021-05-10 00:00:00+00:00,55859.796875,55859.796875,59519.35546875,54071.45703125,58250.87109375,71776546298
2021-05-11 00:00:00+00:00,56704.57421875,56704.57421875,56872.54296875,54608.65234375,55847.2421875,61308396325
2021-05-12 00:00:00+00:00,49150.53515625,49150.53515625,57939.36328125,49150.53515625,56714.53125,75215403907
2021-05-13 00:00:00+00:00,49716.19140625,49716.19140625,51330.84375,46980.01953125,49735.43359375,96721152926
2021-05-14 00:00:00+00:00,49880.53515625,49880.53515625,51438.1171875,48868.578125,49682.98046875,55737497453
2021-05-15 00:00:00+00:00,46760.1875,46760.1875,50639.6640625,46664.140625,49855.49609375,59161047474
2021-05-16 00:00:00+00:00,46456.05859375,46456.05859375,49720.04296875,43963.3515625,46716.63671875,64047871555
2021-05-17 00:00:00+00:00,43537.51171875,43537.51171875,46623.55859375,42207.2890625,46415.8984375,74903638450
2021-05-18 00:00:00+00:00,42909.40234375,42909.40234375,45812.45703125,42367.83203125,43488.05859375,56187365084
2021-05-19 00:00:00+00:00,37002.44140625,37002.44140625,43546.1171875,30681.49609375,42944.9765625,126358098747
2021-05-20 00:00:00+00:00,40782.73828125,40782.73828125,42462.984375,35050.6171875,36753.66796875,88281943359
2021-05-21 00:00:00+00:00,37304.69140625,37304.69140625,42172.171875,33616.453125,40596.94921875,82051616861
2021-05-22 00:00:00+00:00,37536.6328125,37536.6328125,38831.0546875,35383.68359375,37371.03125,57377273240
2021-05-23 00:00:00+00:00,34770.58203125,34770.58203125,38289.21875,31227.33984375,37531.44921875,78469274361
2021-05-24 00:00:00+00:00,38705.98046875,38705.98046875,39835.140625,34551.08203125,34700.36328125,67359584098
2021-05-25 00:00:00+00:00,38402.22265625,38402.22265625,39776.3515625,36581.4296875,38795.78125,56211915803
2021-05-26 00:00:00+00:00,39294.19921875,39294.19921875,40782.078125,37905.8359375,38392.625,51346735160
2021-05-27 00:00:00+00:00,38436.96875,38436.96875,40379.6171875,37247.90234375,39316.890625,43210968721
2021-05-28 00:00:00+00:00,35697.60546875,35697.60546875,38856.96875,34779.0390625,38507.08203125,55200191952
2021-05-29 00:00:00+00:00,34616.06640625,34616.06640625,37234.5,33693.9296875,35684.15625,45231013335
2021-05-30 00:00:00+00:00,35678.12890625,35678.12890625,36400.66796875,33520.73828125,34607.40625,31646080921
2021-05-31 00:00:00+00:00,37332.85546875,37332.85546875,37468.25,34241.9453125,35658.59375,39009847639
2021-06-01 00:00:00+00:00,36684.92578125,36684.92578125,37896.734375,35787.0859375,37293.79296875,34639423297
2021-06-02 00:00:00+00:00,37575.1796875,37575.1796875,38231.33984375,35966.30859375,36699.921875,33070867190
2021-06-03 00:00:00+00:00,39208.765625,39208.765625,39478.953125,37243.97265625,37599.41015625,35460750427
2021-06-04 00:00:00+00:00,36894.40625,36894.40625,39242.484375,35717.72265625,39242.484375,41831090187
2021-06-05 00:00:00+00:00,35551.95703125,35551.95703125,37917.71484375,34900.4140625,36880.15625,35959473399
2021-06-06 00:00:00+00:00,35862.37890625,35862.37890625,36436.421875,35304.578125,35538.609375,28913440585
2021-06-07 00:00:00+00:00,33560.70703125,33560.70703125,36790.5703125,33480.640625,35835.265625,33683936663
2021-06-08 00:00:00+00:00,33472.6328125,33472.6328125,34017.38671875,31114.443359375,33589.51953125,49902050442
2021-06-09 00:00:00+00:00,37345.12109375,37345.12109375,37537.37109375,32475.865234375,33416.9765625,53972919008
2021-06-10 00:00:00+00:00,36702.59765625,36702.59765625,38334.32421875,35847.59375,37389.515625,43576032854
2021-06-11 00:00:00+00:00,37334.3984375,37334.3984375,37608.6953125,36044.44921875,36697.03125,38699736985
2021-06-12 00:00:00+00:00,35552.515625,35552.515625,37408.92578125,34728.19140625,37340.14453125,37924228550
2021-06-13 00:00:00+00:00,39097.859375,39097.859375,39322.78125,34864.109375,35555.7890625,40669112838
2021-06-14 00:00:00+00:00,40218.4765625,40218.4765625,40978.36328125,38757.28515625,39016.96875,43148914673
2021-06-15 00:00:00+00:00,40406.26953125,40406.26953125,41295.26953125,39609.46875,40427.16796875,46420149185
2021-06-16 00:00:00+00:00,38347.0625,38347.0625,40516.77734375,38176.03515625,40168.69140625,39211635100
2021-06-17 00:00:00+00:00,38053.50390625,38053.50390625,39513.671875,37439.67578125,38341.421875,37096670047
2021-06-18 00:00:00+00:00,35787.24609375,35787.24609375,38187.26171875,35255.85546875,38099.4765625,36200887275
2021-06-19 00:00:00+00:00,35615.87109375,35615.87109375,36457.796875,34933.0625,35854.52734375,31207279719
2021-06-20 00:00:00+00:00,35698.296875,35698.296875,36059.484375,33432.07421875,35563.140625,36664034054
2021-06-21 00:00:00+00:00,31676.693359375,31676.693359375,35721.640625,31295.935546875,35641.14453125,52809038594
2021-06-22 00:00:00+00:00,32505.66015625,32505.66015625,33292.453125,28893.62109375,31622.376953125,58964353058
2021-06-23 00:00:00+00:00,33723.02734375,33723.02734375,34753.41015625,31772.6328125,32515.71484375,46317108925
2021-06-24 00:00:00+00:00,34662.4375,34662.4375,35228.8515625,32385.21484375,33682.80078125,33123368116
2021-06-25 00:00:00+00:00,31637.779296875,31637.779296875,35487.24609375,31350.884765625,34659.10546875,40230904226
2021-06-26 00:00:00+00:00,32186.27734375,32186.27734375,32637.587890625,30184.501953125,31594.6640625,38585385521
2021-06-27 00:00:00+00:00,34649.64453125,34649.64453125,34656.12890625,32071.7578125,32287.5234375,35511640894
2021-06-28 00:00:00+00:00,34434.3359375,34434.3359375,35219.890625,33902.07421875,34679.12109375,33892523752
2021-06-29 00:00:00+00:00,35867.77734375,35867.77734375,36542.109375,34252.484375,34475.55859375,37901460044
2021-06-30 00:00:00+00:00,35040.8359375,35040.8359375,36074.7578125,34086.15234375,35908.38671875,34059036099
2021-07-01 00:00:00+00:00,33572.1171875,33572.1171875,35035.984375,32883.78125,35035.984375,37838957079
2021-07-02 00:00:00+00:00,33897.046875,33897.046875,33939.58984375,32770.6796875,33549.6015625,38728974942
2021-07-03 00:00:00+00:00,34668.546875,34668.546875,34909.26171875,33402.6953125,33854.421875,24383958643
2021-07-04 00:00:00+00:00,35287.78125,35287.78125,35937.56640625,34396.4765625,34665.56640625,24924307911
2021-07-05 00:00:00+00:00,33746.00390625,33746.00390625,35284.34375,33213.66015625,35284.34375,26721554282
2021-07-06 00:00:00+00:00,34235.1953125,34235.1953125,35038.53515625,33599.91796875,33723.5078125,26501259870
2021-07-07 00:00:00+00:00,33855.328125,33855.328125,34997.6640625,33839.2890625,34225.6796875,24796027477
2021-07-08 00:00:00+00:00,32877.37109375,32877.37109375,33907.90625,32133.18359375,33889.60546875,29910396946
2021-07-09 00:00:00+00:00,33798.01171875,33798.01171875,34042.29296875,32318.880859375,32861.671875,27436021028
2021-07-10 00:00:00+00:00,33520.51953125,33520.51953125,34209.0703125,33116.01171875,33811.2421875,22971873468
2021-07-11 00:00:00+00:00,34240.1875,34240.1875,34584.703125,33346.73828125,33509.078125,20108729370
2021-07-12 00:00:00+00:00,33155.84765625,33155.84765625,34592.15625,32697.30859375,34254.015625,24321499537
2021-07-13 00:00:00+00:00,32702.025390625,32702.025390625,33327.1015625,32261.419921875,33125.46875,19120856669
2021-07-14 00:00:00+00:00,32822.34765625,32822.34765625,33061.3984375,31639.125,32723.845703125,21376531210
2021-07-15 00:00:00+00:00,31780.73046875,31780.73046875,33159.640625,31175.708984375,32827.875,21300524237
2021-07-16 00:00:00+00:00,31421.5390625,31421.5390625,32218.40625,31100.673828125,31841.55078125,23699476918
2021-07-17 00:00:00+00:00,31533.068359375,31533.068359375,31935.9453125,31223.990234375,31397.30859375,18895018942
2021-07-18 00:00:00+00:00,31796.810546875,31796.810546875,32398.99609375,31215.4921875,31533.884765625,18787986667
2021-07-19 00:00:00+00:00,30817.83203125,30817.83203125,31885.859375,30563.734375,31800.01171875,20434789545
2021-07-20 00:00:00+00:00,29807.34765625,29807.34765625,31006.1875,29360.955078125,30838.28515625,23148267245
2021-07-21 00:00:00+00:00,32110.693359375,32110.693359375,32752.326171875,29526.18359375,29796.28515625,28203024559
2021-07-22 00:00:00+00:00,32313.10546875,32313.10546875,32576.400390625,31745.298828125,32138.873046875,19555230518
2021-07-23 00:00:00+00:00,33581.55078125,33581.55078125,33581.55078125,32057.892578125,32305.958984375,22552046192
2021-07-24 00:00:00+00:00,34292.4453125,34292.4453125,34490.390625,33424.859375,33593.73046875,21664706865
2021-07-25 00:00:00+00:00,35350.1875,35350.1875,35364.92578125,33881.8359375,34290.29296875,20856685287
2021-07-26 00:00:00+00:00,37337.53515625,37337.53515625,40499.67578125,35287.3125,35384.03125,51022126212
2021-07-27 00:00:00+00:00,39406.94140625,39406.94140625,39406.94140625,36441.7265625,37276.03515625,35097370560
2021-07-28 00:00:00+00:00,39995.90625,39995.90625,40816.0703125,38862.4375,39503.1875,38702404695
2021-07-29 00:00:00+00:00,40008.421875,40008.421875,40593.0703125,39352.05859375,39995.453125,27167146027
2021-07-30 00:00:00+00:00,42235.546875,42235.546875,42235.546875,38397.35546875,40027.484375,33072782960
2021-07-31 00:00:00+00:00,41626.1953125,41626.1953125,42231.44921875,41110.83203125,42196.3046875,25802845343
2021-08-01 00:00:00+00:00,39974.89453125,39974.89453125,42541.6796875,39540.94140625,41460.84375,26688438115
2021-08-02 00:00:00+00:00,39201.9453125,39201.9453125,40419.1796875,38746.34765625,39907.26171875,25595265436
2021-08-03 00:00:00+00:00,38152.98046875,38152.98046875,39750.03125,37782.05078125,39178.40234375,26189830450
2021-08-04 00:00:00+00:00,39747.50390625,39747.50390625,39952.296875,37589.1640625,38213.33203125,25372562724
2021-08-05 00:00:00+00:00,40869.5546875,40869.5546875,41341.93359375,37458.00390625,39744.515625,35185031017
2021-08-06 00:00:00+00:00,42816.5,42816.5,43271.66015625,39932.1796875,40865.8671875,38226483046
2021-08-07 00:00:00+00:00,44555.80078125,44555.80078125,44689.859375,42618.56640625,42832.796875,40030862141
2021-08-08 00:00:00+00:00,43798.1171875,43798.1171875,45282.3515625,43331.91015625,44574.4375,36302664750
2021-08-09 00:00:00+00:00,46365.40234375,46365.40234375,46456.83203125,42848.6875,43791.92578125,38734079049
2021-08-10 00:00:00+00:00,45585.03125,45585.03125,46637.98828125,44705.5546875,46280.84765625,33546019517
2021-08-11 00:00:00+00:00,45593.63671875,45593.63671875,46735.6328125,45351.7109375,45599.703125,34319709073
2021-08-12 00:00:00+00:00,44428.2890625,44428.2890625,46228.91015625,43861.4453125,45576.87890625,33723620826
2021-08-13 00:00:00+00:00,47793.3203125,47793.3203125,47831.9765625,44282.41796875,44439.69140625,31744259539
2021-08-14 00:00:00+00:00,47096.9453125,47096.9453125,48098.68359375,46177.6328125,47810.6875,31211354442
2021-08-15 00:00:00+00:00,47047.00390625,47047.00390625,47357.10546875,45579.58984375,47096.66796875,30988958446
2021-08-16 00:00:00+00:00,46004.484375,46004.484375,47998.09765625,45700.3203125,47019.9609375,32776876610
2021-08-17 00:00:00+00:00,44695.359375,44695.359375,47139.5703125,44512.41796875,45936.45703125,33451362600
2021-08-18 00:00:00+00:00,44801.1875,44801.1875,45952.0625,44364.02734375,44686.75,32194123075
2021-08-19 00:00:00+00:00,46717.578125,46717.578125,46970.76171875,43998.31640625,44741.8828125,37204312299
2021-08-20 00:00:00+00:00,49339.17578125,49339.17578125,49342.15234375,46650.70703125,46723.12109375,34706867452
2021-08-21 00:00:00+00:00,48905.4921875,48905.4921875,49717.01953125,48312.19921875,49327.07421875,40585205312
2021-08-22 00:00:00+00:00,49321.65234375,49321.65234375,49471.609375,48199.94140625,48869.10546875,25370975378
2021-08-23 00:00:00+00:00,49546.1484375,49546.1484375,50482.078125,49074.60546875,49291.67578125,34305053719
2021-08-24 00:00:00+00:00,47706.1171875,47706.1171875,49878.76953125,47687.1171875,49562.34765625,35361168834
2021-08-25 00:00:00+00:00,48960.7890625,48960.7890625,49202.87890625,47163.61328125,47727.2578125,32646349931
2021-08-26 00:00:00+00:00,46942.21875,46942.21875,49347.58203125,46405.78125,49002.640625,32666549568
2021-08-27 00:00:00+00:00,49058.66796875,49058.66796875,49112.78515625,46394.28125,46894.5546875,34511076995
2021-08-28 00:00:00+00:00,48902.40234375,48902.40234375,49283.50390625,48499.23828125,49072.5859375,28568103401
2021-08-29 00:00:00+00:00,48829.83203125,48829.83203125,49644.11328125,47925.85546875,48911.25,25889650240
2021-08-30 00:00:00+00:00,47054.984375,47054.984375,48925.60546875,46950.2734375,48834.8515625,31847007016
2021-08-31 00:00:00+00:00,47166.6875,47166.6875,48189.55078125,46750.09375,47024.33984375,34730363427
2021-09-01 00:00:00+00:00,48847.02734375,48847.02734375,49111.08984375,46562.4375,47099.7734375,39139399125
2021-09-02 00:00:00+00:00,49327.72265625,49327.72265625,50343.421875,48652.3203125,48807.84765625,39508070319
2021-09-03 00:00:00+00:00,50025.375,50025.375,50982.2734375,48386.0859375,49288.25,43206179619
2021-09-04 00:00:00+00:00,49944.625,49944.625,50545.58203125,49548.78125,50009.32421875,37471327794
2021-09-05 00:00:00+00:00,51753.41015625,51753.41015625,51868.6796875,49538.59765625,49937.859375,30322676319
2021-09-06 00:00:00+00:00,52633.53515625,52633.53515625,52700.94140625,51053.6796875,51769.00390625,38884105426
2021-09-07 00:00:00+00:00,46811.12890625,46811.12890625,52853.765625,43285.20703125,52660.48046875,65210059683
2021-09-08 00:00:00+00:00,46091.390625,46091.390625,47334.0546875,44561.39453125,46827.76171875,49007762488
2021-09-09 00:00:00+00:00,46391.421875,46391.421875,47261.94921875,45669.73828125,45774.7421875,38672657013
2021-09-10 00:00:00+00:00,44883.91015625,44883.91015625,47031.7421875,44344.484375,46396.6640625,39154666597
2021-09-11 00:00:00+00:00,45201.45703125,45201.45703125,45969.29296875,44818.265625,44869.83984375,34499835245
2021-09-12 00:00:00+00:00,46063.26953125,46063.26953125,46364.87890625,44790.4609375,45206.62890625,27881980161
2021-09-13 00:00:00+00:00,44963.07421875,44963.07421875,46598.6796875,43591.3203125,46057.21484375,40969943253
2021-09-14 00:00:00+00:00,47092.4921875,47092.4921875,47218.125,44752.33203125,44960.05078125,38652152880
2021-09-15 00:00:00+00:00,48176.34765625,48176.34765625,48450.46875,46773.328125,47098.0,30484496466
2021-09-16 00:00:00+00:00,47783.359375,47783.359375,48486.828125,47079.55859375,48158.90625,31764293754
2021-09-17 00:00:00+00:00,47267.51953125,47267.51953125,48160.921875,46832.5234375,47771.00390625,28727713711
2021-09-18 00:00:00+00:00,48278.36328125,48278.36328125,48791.78125,47087.28515625,47273.52734375,28575630451
2021-09-19 00:00:00+00:00,47260.21875,47260.21875,48328.3671875,46919.8046875,48268.85546875,26967722648
2021-09-20 00:00:00+00:00,42843.80078125,42843.80078125,47328.19921875,42598.9140625,47261.40625,43909845642
2021-09-21 00:00:00+00:00,40693.67578125,40693.67578125,43607.609375,39787.609375,43012.234375,48701090088
2021-09-22 00:00:00+00:00,43574.5078125,43574.5078125,43978.62109375,40625.6328125,40677.953125,38139709246
2021-09-23 00:00:00+00:00,44895.09765625,44895.09765625,44942.17578125,43109.33984375,43560.296875,34244064430
2021-09-24 00:00:00+00:00,42839.75,42839.75,45080.4921875,40936.55859375,44894.30078125,42839345714
2021-09-25 00:00:00+00:00,42716.59375,42716.59375,42996.2578125,41759.921875,42840.890625,31604717236
2021-09-26 00:00:00+00:00,43208.5390625,43208.5390625,43919.30078125,40848.4609375,42721.62890625,30661222077
2021-09-27 00:00:00+00:00,42235.73046875,42235.73046875,44313.24609375,42190.6328125,43234.18359375,30980029059
2021-09-28 00:00:00+00:00,41034.54296875,41034.54296875,42775.14453125,40931.6640625,42200.8984375,30214940550
2021-09-29 00:00:00+00:00,41564.36328125,41564.36328125,42545.2578125,40829.66796875,41064.984375,30602359905
2021-09-30 00:00:00+00:00,43790.89453125,43790.89453125,44092.6015625,41444.58203125,41551.26953125,31141681925
2021-10-01 00:00:00+00:00,48116.94140625,48116.94140625,48436.01171875,43320.0234375,43816.7421875,42850641582
2021-10-02 00:00:00+00:00,47711.48828125,47711.48828125,48282.0625,47465.49609375,48137.46875,30614346492
2021-10-03 00:00:00+00:00,48199.953125,48199.953125,49130.69140625,47157.2890625,47680.02734375,26638115879
2021-10-04 00:00:00+00:00,49112.90234375,49112.90234375,49456.77734375,47045.00390625,48208.90625,33383173002
2021-10-05 00:00:00+00:00,51514.8125,51514.8125,51839.984375,49072.83984375,49174.9609375,35873904236
2021-10-06 00:00:00+00:00,55361.44921875,55361.44921875,55568.46484375,50488.19140625,51486.6640625,49034730168
2021-10-07 00:00:00+00:00,53805.984375,53805.984375,55338.625,53525.46875,55338.625,36807860413
2021-10-08 00:00:00+00:00,53967.84765625,53967.84765625,55922.98046875,53688.0546875,53802.14453125,34800873924
2021-10-09 00:00:00+00:00,54968.22265625,54968.22265625,55397.9453125,53735.14453125,53929.78125,32491211414
2021-10-10 00:00:00+00:00,54771.578125,54771.578125,56401.3046875,54264.2578125,54952.8203125,39527792364
2021-10-11 00:00:00+00:00,57484.7890625,57484.7890625,57793.0390625,54519.765625,54734.125,42637331698
2021-10-12 00:00:00+00:00,56041.05859375,56041.05859375,57627.87890625,54477.97265625,57526.83203125,41083758949
2021-10-13 00:00:00+00:00,57401.09765625,57401.09765625,57688.66015625,54370.97265625,56038.2578125,41684252783
2021-10-14 00:00:00+00:00,57321.5234375,57321.5234375,58478.734375,56957.07421875,57372.83203125,36615791366
2021-10-15 00:00:00+00:00,61593.94921875,61593.94921875,62757.12890625,56868.14453125,57345.90234375,51780081801
2021-10-16 00:00:00+00:00,60892.1796875,60892.1796875,62274.4765625,60206.12109375,61609.52734375,34250964237
2021-10-17 00:00:00+00:00,61553.6171875,61553.6171875,61645.5234375,59164.46875,60887.65234375,29032367511
2021-10-18 00:00:00+00:00,62026.078125,62026.078125,62614.66015625,60012.7578125,61548.8046875,38055562075
2021-10-19 00:00:00+00:00,64261.9921875,64261.9921875,64434.53515625,61622.93359375,62043.1640625,40471196346
2021-10-20 00:00:00+00:00,65992.8359375,65992.8359375,66930.390625,63610.67578125,64284.5859375,40788955582
2021-10-21 00:00:00+00:00,62210.171875,62210.171875,66600.546875,62117.41015625,66002.234375,45908121370
2021-10-22 00:00:00+00:00,60692.265625,60692.265625,63715.0234375,60122.796875,62237.890625,38434082775
2021-10-23 00:00:00+00:00,61393.6171875,61393.6171875,61743.87890625,59826.5234375,60694.62890625,26882546034
2021-10-24 00:00:00+00:00,60930.8359375,60930.8359375,61505.8046875,59643.34375,61368.34375,27316183882
2021-10-25 00:00:00+00:00,63039.82421875,63039.82421875,63729.32421875,60691.80078125,60893.92578125,31064911614
2021-10-26 00:00:00+00:00,60363.79296875,60363.79296875,63229.02734375,59991.16015625,63032.76171875,34878965587
2021-10-27 00:00:00+00:00,58482.38671875,58482.38671875,61435.18359375,58208.1875,60352.0,43657076893
2021-10-28 00:00:00+00:00,60622.13671875,60622.13671875,62128.6328125,58206.91796875,58470.73046875,45257083247
2021-10-29 00:00:00+00:00,62227.96484375,62227.96484375,62927.609375,60329.96484375,60624.87109375,36856881767
2021-10-30 00:00:00+00:00,61888.83203125,61888.83203125,62330.14453125,60918.38671875,62239.36328125,32157938616
2021-10-31 00:00:00+00:00,61318.95703125,61318.95703125,62406.171875,60074.328125,61850.48828125,32241199927
2021-11-01 00:00:00+00:00,61004.40625,61004.40625,62419.00390625,59695.18359375,61320.44921875,36150572843
2021-11-02 00:00:00+00:00,63226.40234375,63226.40234375,64242.79296875,60673.0546875,60963.25390625,37746665647
2021-11-03 00:00:00+00:00,62970.046875,62970.046875,63516.9375,61184.23828125,63254.3359375,36124731509
2021-11-04 00:00:00+00:00,61452.23046875,61452.23046875,63123.2890625,60799.6640625,62941.8046875,32615846901
2021-11-05 00:00:00+00:00,61125.67578125,61125.67578125,62541.46875,60844.609375,61460.078125,30605102446
2021-11-06 00:00:00+00:00,61527.48046875,61527.48046875,61590.68359375,60163.78125,61068.875,29094934221
2021-11-07 00:00:00+00:00,63326.98828125,63326.98828125,63326.98828125,61432.48828125,61554.921875,24726754302
2021-11-08 00:00:00+00:00,67566.828125,67566.828125,67673.7421875,63344.06640625,63344.06640625,41125608330
2021-11-09 00:00:00+00:00,66971.828125,66971.828125,68530.3359375,66382.0625,67549.734375,42357991721
2021-11-10 00:00:00+00:00,64995.23046875,64995.23046875,68789.625,63208.11328125,66953.3359375,48730828378
2021-11-11 00:00:00+00:00,64949.9609375,64949.9609375,65579.015625,64180.48828125,64978.890625,35880633236
2021-11-12 00:00:00+00:00,64155.94140625,64155.94140625,65460.81640625,62333.9140625,64863.98046875,36084893887
2021-11-13 00:00:00+00:00,64469.52734375,64469.52734375,64915.67578125,63303.734375,64158.12109375,30474228777
2021-11-14 00:00:00+00:00,65466.83984375,65466.83984375,65495.1796875,63647.80859375,64455.37109375,25122092191
2021-11-15 00:00:00+00:00,63557.87109375,63557.87109375,66281.5703125,63548.14453125,65521.2890625,30558763548
2021-11-16 00:00:00+00:00,60161.24609375,60161.24609375,63721.1953125,59016.3359375,63721.1953125,46844335592
2021-11-17 00:00:00+00:00,60368.01171875,60368.01171875,60823.609375,58515.41015625,60139.62109375,39178392930
2021-11-18 00:00:00+00:00,56942.13671875,56942.13671875,60948.5,56550.79296875,60360.13671875,41388338699
2021-11-19 00:00:00+00:00,58119.578125,58119.578125,58351.11328125,55705.1796875,56896.12890625,38702407772
2021-11-20 00:00:00+00:00,59697.1953125,59697.1953125,59859.87890625,57469.7265625,58115.08203125,30624264863
2021-11-21 00:00:00+00:00,58730.4765625,58730.4765625,60004.42578125,58618.9296875,59730.5078125,26123447605
2021-11-22 00:00:00+00:00,56289.2890625,56289.2890625,59266.359375,55679.83984375,58706.84765625,35036121783
2021-11-23 00:00:00+00:00,57569.07421875,57569.07421875,57875.515625,55632.76171875,56304.5546875,37485803899
2021-11-24 00:00:00+00:00,56280.42578125,56280.42578125,57803.06640625,55964.22265625,57565.8515625,36635566789
2021-11-25 00:00:00+00:00,57274.6796875,57274.6796875,59367.96875,57146.68359375,57165.41796875,34284016248
2021-11-26 00:00:00+00:00,53569.765625,53569.765625,59183.48046875,53569.765625,58960.28515625,41810748221
2021-11-27 00:00:00+00:00,54815.078125,54815.078125,55329.2578125,53668.35546875,53736.4296875,30560857714
2021-11-28 00:00:00+00:00,57248.45703125,57248.45703125,57393.84375,53576.734375,54813.0234375,28116886357
2021-11-29 00:00:00+00:00,57806.56640625,57806.56640625,58872.87890625,56792.52734375,57291.90625,32370840356
2021-11-30 00:00:00+00:00,57005.42578125,57005.42578125,59113.40234375,56057.28125,57830.11328125,36708594618
2021-12-01 00:00:00+00:00,57229.828125,57229.828125,59041.68359375,56553.08203125,56907.96484375,36858195307
2021-12-02 00:00:00+00:00,56477.81640625,56477.81640625,57349.234375,55895.1328125,57217.37109375,32379968686
2021-12-03 00:00:00+00:00,53598.24609375,53598.24609375,57482.16796875,52496.5859375,56509.1640625,39789134215
2021-12-04 00:00:00+00:00,49200.703125,49200.703125,53904.6796875,42874.6171875,53727.87890625,61385677469
2021-12-05 00:00:00+00:00,49368.84765625,49368.84765625,49768.1484375,47857.49609375,49201.51953125,37198201161
2021-12-06 00:00:00+00:00,50582.625,50582.625,50929.51953125,47281.03515625,49413.48046875,37707308001
2021-12-07 00:00:00+00:00,50700.0859375,50700.0859375,51934.78125,50175.80859375,50581.828125,33676814852
2021-12-08 00:00:00+00:00,50504.796875,50504.796875,51171.375,48765.98828125,50667.6484375,28479699446
2021-12-09 00:00:00+00:00,47672.12109375,47672.12109375,50797.1640625,47358.3515625,50450.08203125,29603577251
2021-12-10 00:00:00+00:00,47243.3046875,47243.3046875,50015.25390625,47023.69921875,47642.14453125,30966005122
2021-12-11 00:00:00+00:00,49362.5078125,49362.5078125,49458.2109375,46942.34765625,47264.6328125,25775869261
2021-12-12 00:00:00+00:00,50098.3359375,50098.3359375,50724.8671875,48725.8515625,49354.85546875,21939223599
2021-12-13 00:00:00+00:00,46737.48046875,46737.48046875,50205.0,45894.84765625,50114.7421875,32166727776
2021-12-14 00:00:00+00:00,46612.6328125,46612.6328125,48431.3984375,46424.49609375,46709.82421875,34638619079
2021-12-15 00:00:00+00:00,48896.72265625,48896.72265625,49473.95703125,46671.96484375,48379.75390625,36541828520
2021-12-16 00:00:00+00:00,47665.42578125,47665.42578125,49425.57421875,47529.87890625,48900.46484375,27268150947
2021-12-17 00:00:00+00:00,46202.14453125,46202.14453125,48004.89453125,45618.21484375,47653.73046875,32902725329
2021-12-18 00:00:00+00:00,46848.77734375,46848.77734375,47313.828125,45598.44140625,46219.25390625,26098292690
2021-12-19 00:00:00+00:00,46707.015625,46707.015625,48089.6640625,46502.953125,46853.8671875,25154053861
2021-12-20 00:00:00+00:00,46880.27734375,46880.27734375,47401.71875,45579.80859375,46707.0625,30961902129
2021-12-21 00:00:00+00:00,48936.61328125,48936.61328125,49300.91796875,46698.7734375,46886.078125,27055803928
2021-12-22 00:00:00+00:00,48628.51171875,48628.51171875,49544.796875,48450.94140625,48937.09765625,24447979559
2021-12-23 00:00:00+00:00,50784.5390625,50784.5390625,51332.33984375,48065.8359375,48626.34375,28223878108
2021-12-24 00:00:00+00:00,50822.1953125,50822.1953125,51814.02734375,50514.49609375,50806.05078125,24367912228
2021-12-25 00:00:00+00:00,50429.859375,50429.859375,51176.59765625,50236.70703125,50854.91796875,19030650914
2021-12-26 00:00:00+00:00,50809.515625,50809.515625,51196.37890625,49623.10546875,50428.69140625,20964372926
2021-12-27 00:00:00+00:00,50640.41796875,50640.41796875,51956.328125,50499.46875,50802.609375,24324345758
2021-12-28 00:00:00+00:00,47588.85546875,47588.85546875,50679.859375,47414.2109375,50679.859375,33430376883
2021-12-29 00:00:00+00:00,46444.7109375,46444.7109375,48119.7421875,46201.49609375,47623.87109375,30049226299
2021-12-30 00:00:00+00:00,47178.125,47178.125,47879.96484375,46060.3125,46490.60546875,26686491018
2021-12-31 00:00:00+00:00,46306.4453125,46306.4453125,48472.52734375,45819.953125,47169.37109375,36974172400
2022-01-01 00:00:00+00:00,47686.8125,47686.8125,47827.3125,46288.484375,46311.74609375,24582667004
2022-01-02 00:00:00+00:00,47345.21875,47345.21875,47881.40625,46856.9375,47680.92578125,27951569547
2022-01-03 00:00:00+00:00,46458.1171875,46458.1171875,47510.7265625,45835.96484375,47343.54296875,33071628362
2022-01-04 00:00:00+00:00,45897.57421875,45897.57421875,47406.546875,45752.46484375,46458.8515625,42494677905
2022-01-05 00:00:00+00:00,43569.00390625,43569.00390625,46929.046875,42798.22265625,45899.359375,36851084859
2022-01-06 00:00:00+00:00,43160.9296875,43160.9296875,43748.71875,42645.5390625,43565.51171875,30208048289
2022-01-07 00:00:00+00:00,41557.90234375,41557.90234375,43153.5703125,41077.4453125,43153.5703125,84196607520
2022-01-08 00:00:00+00:00,41733.94140625,41733.94140625,42228.94140625,40672.27734375,41561.46484375,28066355845
2022-01-09 00:00:00+00:00,41911.6015625,41911.6015625,42663.94921875,41338.16015625,41734.7265625,21294384372
2022-01-10 00:00:00+00:00,41821.26171875,41821.26171875,42199.484375,39796.5703125,41910.23046875,32104232331
2022-01-11 00:00:00+00:00,42735.85546875,42735.85546875,43001.15625,41407.75390625,41819.5078125,26327648900
2022-01-12 00:00:00+00:00,43949.1015625,43949.1015625,44135.3671875,42528.98828125,42742.1796875,33499938689
2022-01-13 00:00:00+00:00,42591.5703125,42591.5703125,44278.421875,42447.04296875,43946.7421875,47691135082
2022-01-14 00:00:00+00:00,43099.69921875,43099.69921875,43346.6875,41982.6171875,42598.87109375,23577403399
2022-01-15 00:00:00+00:00,43177.3984375,43177.3984375,43724.671875,42669.03515625,43101.8984375,18371348298
2022-01-16 00:00:00+00:00,43113.87890625,43113.87890625,43436.80859375,42691.0234375,43172.0390625,17902097845
2022-01-17 00:00:00+00:00,42250.55078125,42250.55078125,43179.390625,41680.3203125,43118.12109375,21690904261
2022-01-18 00:00:00+00:00,42375.6328125,42375.6328125,42534.40234375,41392.21484375,42250.07421875,22417209227
2022-01-19 00:00:00+00:00,41744.328125,41744.328125,42478.3046875,41242.9140625,42374.0390625,23091543258
2022-01-20 00:00:00+00:00,40680.41796875,40680.41796875,43413.0234375,40672.82421875,41744.02734375,20382033940
2022-01-21 00:00:00+00:00,36457.31640625,36457.31640625,41060.52734375,35791.42578125,40699.60546875,43011992031
2022-01-22 00:00:00+00:00,35030.25,35030.25,36688.8125,34349.25,36471.58984375,39714385405
2022-01-23 00:00:00+00:00,36276.8046875,36276.8046875,36433.3125,34784.96875,35047.359375,26017975951
2022-01-24 00:00:00+00:00,36654.328125,36654.328125,37247.51953125,33184.05859375,36275.734375,41856658597
2022-01-25 00:00:00+00:00,36954.00390625,36954.00390625,37444.5703125,35779.4296875,36654.8046875,26428189594
2022-01-26 00:00:00+00:00,36852.12109375,36852.12109375,38825.41015625,36374.90625,36950.515625,31324598034
2022-01-27 00:00:00+00:00,37138.234375,37138.234375,37148.32421875,35629.28125,36841.87890625,25041426629
2022-01-28 00:00:00+00:00,37784.33203125,37784.33203125,37952.87890625,36211.109375,37128.4453125,22238830523
2022-01-29 00:00:00+00:00,38138.1796875,38138.1796875,38576.26171875,37406.47265625,37780.71484375,17194183075
2022-01-30 00:00:00+00:00,37917.6015625,37917.6015625,38266.33984375,37437.7109375,38151.91796875,14643548444
2022-01-31 00:00:00+00:00,38483.125,38483.125,38647.26171875,36733.57421875,37920.28125,20734730465
2022-02-01 00:00:00+00:00,38743.2734375,38743.2734375,39115.1328125,38113.6640625,38481.765625,20288500328
2022-02-02 00:00:00+00:00,36952.984375,36952.984375,38834.6171875,36832.73046875,38743.71484375,19155189416
2022-02-03 00:00:00+00:00,37154.6015625,37154.6015625,37154.6015625,36375.5390625,36944.8046875,18591534769
2022-02-04 00:00:00+00:00,41500.875,41500.875,41527.78515625,37093.62890625,37149.265625,29412210792
2022-02-05 00:00:00+00:00,41441.1640625,41441.1640625,41847.1640625,41038.09765625,41501.48046875,19652846215
2022-02-06 00:00:00+00:00,42412.43359375,42412.43359375,42500.78515625,41244.90625,41441.12109375,16142097334
2022-02-07 00:00:00+00:00,43840.28515625,43840.28515625,44401.86328125,41748.15625,42406.78125,28641855926
2022-02-08 00:00:00+00:00,44118.4453125,44118.4453125,45293.8671875,42807.8359375,43854.65234375,33079398868
2022-02-09 00:00:00+00:00,44338.796875,44338.796875,44727.80078125,43232.96875,44096.703125,23245887300
2022-02-10 00:00:00+00:00,43565.11328125,43565.11328125,45661.171875,43402.80859375,44347.80078125,32142048537
2022-02-11 00:00:00+00:00,42407.9375,42407.9375,43810.83203125,42114.5390625,43571.12890625,26954925781
2022-02-12 00:00:00+00:00,42244.46875,42244.46875,42992.55078125,41852.57421875,42412.30078125,18152390304
2022-02-13 00:00:00+00:00,42197.515625,42197.515625,42693.0546875,41950.94140625,42236.56640625,14741589015
2022-02-14 00:00:00+00:00,42586.91796875,42586.91796875,42775.77734375,41681.95703125,42157.3984375,20827783012
2022-02-15 00:00:00+00:00,44575.203125,44575.203125,44667.21875,42491.03515625,42586.46484375,22721659051
2022-02-16 00:00:00+00:00,43961.859375,43961.859375,44578.27734375,43456.69140625,44578.27734375,19792547657
2022-02-17 00:00:00+00:00,40538.01171875,40538.01171875,44132.97265625,40249.37109375,43937.0703125,26246662813
2022-02-18 00:00:00+00:00,40030.9765625,40030.9765625,40929.15234375,39637.6171875,40552.1328125,23310007704
2022-02-19 00:00:00+00:00,40122.15625,40122.15625,40418.87890625,39713.05859375,40026.0234375,13736557863
2022-02-20 00:00:00+00:00,38431.37890625,38431.37890625,40119.890625,38112.8125,40118.1015625,18340576452
2022-02-21 00:00:00+00:00,37075.28125,37075.28125,39394.4375,36950.4765625,38423.2109375,29280402798
2022-02-22 00:00:00+00:00,38286.02734375,38286.02734375,38359.85546875,36488.93359375,37068.76953125,25493150450
2022-02-23 00:00:00+00:00,37296.5703125,37296.5703125,39122.39453125,37201.81640625,38285.28125,21849073843
2022-02-24 00:00:00+00:00,38332.609375,38332.609375,38968.83984375,34459.21875,37278.56640625,46383802093
2022-02-25 00:00:00+00:00,39214.21875,39214.21875,39630.32421875,38111.34375,38333.74609375,26545599159
2022-02-26 00:00:00+00:00,39105.1484375,39105.1484375,40005.34765625,38702.53515625,39213.08203125,17467554129
2022-02-27 00:00:00+00:00,37709.78515625,37709.78515625,39778.94140625,37268.9765625,39098.69921875,23450127612
2022-02-28 00:00:00+00:00,43193.234375,43193.234375,43760.45703125,37518.21484375,37706.0,35690014104
2022-03-01 00:00:00+00:00,44354.63671875,44354.63671875,44793.6015625,42952.5859375,43194.50390625,32479047645
2022-03-02 00:00:00+00:00,43924.1171875,43924.1171875,45077.578125,43432.8515625,44357.6171875,29183112630
2022-03-03 00:00:00+00:00,42451.7890625,42451.7890625,44021.578125,41914.75,43925.1953125,24967782593
2022-03-04 00:00:00+00:00,39137.60546875,39137.60546875,42479.61328125,38805.84765625,42458.140625,28516271427
2022-03-05 00:00:00+00:00,39400.5859375,39400.5859375,39566.3359375,38777.03515625,39148.44921875,16975917450
2022-03-06 00:00:00+00:00,38419.984375,38419.984375,39640.17578125,38211.6484375,39404.19921875,19745229902
2022-03-07 00:00:00+00:00,38062.0390625,38062.0390625,39430.2265625,37260.203125,38429.3046875,28546143503
2022-03-08 00:00:00+00:00,38737.26953125,38737.26953125,39304.44140625,37957.38671875,38059.90234375,25776583476
2022-03-09 00:00:00+00:00,41982.92578125,41982.92578125,42465.671875,38706.09375,38742.81640625,32284121034
2022-03-10 00:00:00+00:00,39437.4609375,39437.4609375,42004.7265625,38832.94140625,41974.0703125,31078064711
2022-03-11 00:00:00+00:00,38794.97265625,38794.97265625,40081.6796875,38347.43359375,39439.96875,26364890465
2022-03-12 00:00:00+00:00,38904.01171875,38904.01171875,39308.59765625,38772.53515625,38794.46484375,14616450657
2022-03-13 00:00:00+00:00,37849.6640625,37849.6640625,39209.3515625,37728.14453125,38884.7265625,17300745310
2022-03-14 00:00:00+00:00,39666.75390625,39666.75390625,39742.5,37680.734375,37846.31640625,24322159070
2022-03-15 00:00:00+00:00,39338.78515625,39338.78515625,39794.62890625,38310.2109375,39664.25,23934000868
2022-03-16 00:00:00+00:00,41143.9296875,41143.9296875,41465.453125,39022.34765625,39335.5703125,39616916192
2022-03-17 00:00:00+00:00,40951.37890625,40951.37890625,41287.53515625,40662.87109375,41140.84375,22009601093
2022-03-18 00:00:00+00:00,41801.15625,41801.15625,42195.74609375,40302.3984375,40944.83984375,34421564942
2022-03-19 00:00:00+00:00,42190.65234375,42190.65234375,42316.5546875,41602.66796875,41794.6484375,19664853187
2022-03-20 00:00:00+00:00,41247.82421875,41247.82421875,42241.1640625,41004.7578125,42191.40625,20127946682
2022-03-21 00:00:00+00:00,41077.99609375,41077.99609375,41454.41015625,40668.04296875,41246.1328125,24615543271
2022-03-22 00:00:00+00:00,42358.80859375,42358.80859375,43124.70703125,40948.28125,41074.10546875,32004652376
2022-03-23 00:00:00+00:00,42892.95703125,42892.95703125,42893.5078125,41877.5078125,42364.37890625,25242943069
2022-03-24 00:00:00+00:00,43960.93359375,43960.93359375,44131.85546875,42726.1640625,42886.65234375,31042992291
2022-03-25 00:00:00+00:00,44348.73046875,44348.73046875,44999.4921875,43706.28515625,43964.546875,30574413034
2022-03-26 00:00:00+00:00,44500.828125,44500.828125,44735.99609375,44166.2734375,44349.859375,16950455995
2022-03-27 00:00:00+00:00,46820.4921875,46820.4921875,46827.546875,44437.29296875,44505.35546875,28160889722
2022-03-28 00:00:00+00:00,47128.00390625,47128.00390625,48086.8359375,46690.203125,46821.8515625,36362175703
2022-03-29 00:00:00+00:00,47465.73046875,47465.73046875,48022.2890625,47100.4375,47100.4375,31397059069
2022-03-30 00:00:00+00:00,47062.6640625,47062.6640625,47655.1484375,46746.2109375,47456.8984375,29333883962
2022-03-31 00:00:00+00:00,45538.67578125,45538.67578125,47512.02734375,45390.5390625,47062.1484375,33327427106
2022-04-01 00:00:00+00:00,46281.64453125,46281.64453125,46616.2421875,44403.140625,45554.1640625,38162644287
2022-04-02 00:00:00+00:00,45868.94921875,45868.94921875,47028.28125,45782.51171875,46285.5,29336594194
2022-04-03 00:00:00+00:00,46453.56640625,46453.56640625,47313.4765625,45634.10546875,45859.12890625,25414397610
2022-04-04 00:00:00+00:00,46622.67578125,46622.67578125,46791.08984375,45235.81640625,46445.2734375,32499785455
2022-04-05 00:00:00+00:00,45555.9921875,45555.9921875,47106.140625,45544.80859375,46624.5078125,29640604055
2022-04-06 00:00:00+00:00,43206.73828125,43206.73828125,45544.35546875,43193.953125,45544.35546875,39393395788
2022-04-07 00:00:00+00:00,43503.84765625,43503.84765625,43860.69921875,42899.90625,43207.5,26101973106
2022-04-08 00:00:00+00:00,42287.6640625,42287.6640625,43903.01953125,42183.2890625,43505.13671875,27215995394
2022-04-09 00:00:00+00:00,42782.13671875,42782.13671875,42786.81640625,42183.25390625,42282.078125,16050772496
2022-04-10 00:00:00+00:00,42207.671875,42207.671875,43376.37890625,42021.20703125,42781.08984375,17654475582
2022-04-11 00:00:00+00:00,39521.90234375,39521.90234375,42424.58984375,39373.05859375,42201.0390625,33949912166
2022-04-12 00:00:00+00:00,40127.18359375,40127.18359375,40617.5859375,39388.328125,39533.71484375,30991500854
2022-04-13 00:00:00+00:00,41166.73046875,41166.73046875,41430.0546875,39712.74609375,40123.5703125,27691105228
2022-04-14 00:00:00+00:00,39935.515625,39935.515625,41451.48046875,39695.74609375,41160.21875,24342001973
2022-04-15 00:00:00+00:00,40553.46484375,40553.46484375,40617.72265625,39866.83203125,39939.40234375,21756855753
2022-04-16 00:00:00+00:00,40424.484375,40424.484375,40633.6796875,40078.42578125,40552.31640625,16833150693
2022-04-17 00:00:00+00:00,39716.953125,39716.953125,40570.7265625,39620.89453125,40417.77734375,19087633042
2022-04-18 00:00:00+00:00,40826.21484375,40826.21484375,40986.3203125,38696.19140625,39721.203125,33705182072
2022-04-19 00:00:00+00:00,41502.75,41502.75,41672.9609375,40618.6328125,40828.17578125,25303206547
2022-04-20 00:00:00+00:00,41374.37890625,41374.37890625,42126.30078125,40961.09765625,41501.74609375,27819532341
2022-04-21 00:00:00+00:00,40527.36328125,40527.36328125,42893.58203125,40063.828125,41371.515625,35372786395
2022-04-22 00:00:00+00:00,39740.3203125,39740.3203125,40777.7578125,39315.41796875,40525.86328125,28011716745
2022-04-23 00:00:00+00:00,39486.73046875,39486.73046875,39935.859375,39352.203125,39738.72265625,16138021249
2022-04-24 00:00:00+00:00,39469.29296875,39469.29296875,39845.92578125,39233.5390625,39478.375,17964398167
2022-04-25 00:00:00+00:00,40458.30859375,40458.30859375,40491.75390625,38338.37890625,39472.60546875,35445730570
2022-04-26 00:00:00+00:00,38117.4609375,38117.4609375,40713.890625,37884.984375,40448.421875,34569088416
2022-04-27 00:00:00+00:00,39241.12109375,39241.12109375,39397.91796875,37997.3125,38120.30078125,30981015184
2022-04-28 00:00:00+00:00,39773.828125,39773.828125,40269.46484375,38941.421875,39241.4296875,33903704907
2022-04-29 00:00:00+00:00,38609.82421875,38609.82421875,39887.26953125,38235.53515625,39768.6171875,30882994649
2022-04-30 00:00:00+00:00,37714.875,37714.875,38771.2109375,37697.94140625,38605.859375,23895713731
2022-05-01 00:00:00+00:00,38469.09375,38469.09375,38627.859375,37585.7890625,37713.265625,27002760110
2022-05-02 00:00:00+00:00,38529.328125,38529.328125,39074.97265625,38156.5625,38472.1875,32922642426
2022-05-03 00:00:00+00:00,37750.453125,37750.453125,38629.99609375,37585.62109375,38528.109375,27326943244
2022-05-04 00:00:00+00:00,39698.37109375,39698.37109375,39902.94921875,37732.05859375,37748.01171875,36754404490
2022-05-05 00:00:00+00:00,36575.140625,36575.140625,39789.28125,35856.515625,39695.74609375,43106256317
2022-05-06 00:00:00+00:00,36040.921875,36040.921875,36624.359375,35482.1328125,36573.18359375,37795577489
2022-05-07 00:00:00+00:00,35501.953125,35501.953125,36129.92578125,34940.82421875,36042.50390625,24375896406
2022-05-08 00:00:00+00:00,34059.265625,34059.265625,35502.94140625,33878.96484375,35502.94140625,36763041910
2022-05-09 00:00:00+00:00,30296.953125,30296.953125,34222.07421875,30296.953125,34060.015625,63355494961
2022-05-10 00:00:00+00:00,31022.90625,31022.90625,32596.30859375,29944.802734375,30273.654296875,59811038817
2022-05-11 00:00:00+00:00,28936.35546875,28936.35546875,32013.40234375,28170.4140625,31016.18359375,70388855818
2022-05-12 00:00:00+00:00,29047.751953125,29047.751953125,30032.439453125,26350.490234375,28936.734375,66989173272
2022-05-13 00:00:00+00:00,29283.103515625,29283.103515625,30924.802734375,28782.330078125,29030.91015625,42841124537
2022-05-14 00:00:00+00:00,30101.265625,30101.265625,30192.802734375,28702.91015625,29285.642578125,28579868620
2022-05-15 00:00:00+00:00,31305.11328125,31305.11328125,31308.19140625,29527.740234375,30098.5859375,25835372065
2022-05-16 00:00:00+00:00,29862.91796875,29862.91796875,31305.341796875,29251.884765625,31304.375,32613897286
2022-05-17 00:00:00+00:00,30425.857421875,30425.857421875,30694.490234375,29570.302734375,29862.408203125,29101473475
2022-05-18 00:00:00+00:00,28720.271484375,28720.271484375,30618.716796875,28720.271484375,30424.478515625,31285268319
2022-05-19 00:00:00+00:00,30314.333984375,30314.333984375,30430.751953125,28708.955078125,28720.359375,33773447707
2022-05-20 00:00:00+00:00,29200.740234375,29200.740234375,30664.9765625,28793.60546875,30311.119140625,30749382605
2022-05-21 00:00:00+00:00,29432.2265625,29432.2265625,29588.869140625,29027.39453125,29199.859375,17274840442
2022-05-22 00:00:00+00:00,30323.72265625,30323.72265625,30425.861328125,29275.18359375,29432.47265625,21631532270
2022-05-23 00:00:00+00:00,29098.91015625,29098.91015625,30590.5859375,28975.560546875,30309.396484375,31483454557
2022-05-24 00:00:00+00:00,29655.5859375,29655.5859375,29774.35546875,28786.58984375,29101.125,26616506245
2022-05-25 00:00:00+00:00,29562.361328125,29562.361328125,30157.78515625,29384.94921875,29653.134765625,27525063551
2022-05-26 00:00:00+00:00,29267.224609375,29267.224609375,29834.16015625,28261.90625,29564.77734375,36774325352
2022-05-27 00:00:00+00:00,28627.57421875,28627.57421875,29346.943359375,28326.61328125,29251.140625,36582005748
2022-05-28 00:00:00+00:00,28814.900390625,28814.900390625,28814.900390625,28554.56640625,28622.625,35519577634
2022-05-29 00:00:00+00:00,29445.95703125,29445.95703125,29498.009765625,28841.107421875,29019.8671875,18093886409
2022-05-30 00:00:00+00:00,31726.390625,31726.390625,31949.630859375,29303.572265625,29443.365234375,39277993274
2022-05-31 00:00:00+00:00,31792.310546875,31792.310546875,32249.86328125,31286.154296875,31723.865234375,33538210634
2022-06-01 00:00:00+00:00,29799.080078125,29799.080078125,31957.28515625,29501.587890625,31792.5546875,41135817341
2022-06-02 00:00:00+00:00,30467.48828125,30467.48828125,30604.734375,29652.705078125,29794.890625,29083562061
2022-06-03 00:00:00+00:00,29704.390625,29704.390625,30633.03515625,29375.689453125,30467.806640625,26175547452
2022-06-04 00:00:00+00:00,29832.9140625,29832.9140625,29930.564453125,29500.005859375,29706.138671875,16588370958
2022-06-05 00:00:00+00:00,29906.662109375,29906.662109375,30117.744140625,29574.44921875,29835.1171875,17264085441
2022-06-06 00:00:00+00:00,31370.671875,31370.671875,31693.291015625,29894.1875,29910.283203125,31947336829
2022-06-07 00:00:00+00:00,31155.478515625,31155.478515625,31489.68359375,29311.68359375,31371.7421875,40770974039
2022-06-08 00:00:00+00:00,30214.35546875,30214.35546875,31253.69140625,29944.404296875,31151.48046875,30242059107
2022-06-09 00:00:00+00:00,30111.998046875,30111.998046875,30609.310546875,30020.265625,30215.279296875,21692004719
2022-06-10 00:00:00+00:00,29083.8046875,29083.8046875,30245.80859375,28978.146484375,30110.330078125,29867476527
2022-06-11 00:00:00+00:00,28360.810546875,28360.810546875,29401.916015625,28236.212890625,29084.666015625,27246574439
2022-06-12 00:00:00+00:00,26762.6484375,26762.6484375,28502.685546875,26762.6484375,28373.513671875,34163220274
2022-06-13 00:00:00+00:00,22487.388671875,22487.388671875,26795.58984375,22141.2578125,26737.578125,68204556440
2022-06-14 00:00:00+00:00,22206.79296875,22206.79296875,23018.951171875,20950.818359375,22487.986328125,50913575242
2022-06-15 00:00:00+00:00,22572.83984375,22572.83984375,22642.671875,20178.376953125,22196.73046875,54912007015
2022-06-16 00:00:00+00:00,20381.650390625,20381.650390625,22868.921875,20265.2265625,22576.3046875,31183975654
2022-06-17 00:00:00+00:00,20471.482421875,20471.482421875,21243.3125,20326.51953125,20385.71875,27132421514
2022-06-18 00:00:00+00:00,19017.642578125,19017.642578125,20736.041015625,17708.623046875,20473.42578125,42009436760
2022-06-19 00:00:00+00:00,20553.271484375,20553.271484375,20683.822265625,18067.15234375,19010.90234375,35329942625
2022-06-20 00:00:00+00:00,20599.537109375,20599.537109375,20913.322265625,19689.169921875,20553.37109375,30818458597
2022-06-21 00:00:00+00:00,20710.59765625,20710.59765625,21620.62890625,20415.0625,20594.294921875,28970212744
2022-06-22 00:00:00+00:00,19987.029296875,19987.029296875,20835.75,19848.078125,20719.4140625,28574793478
2022-06-23 00:00:00+00:00,21085.876953125,21085.876953125,21135.76171875,19950.1171875,19986.607421875,26188097173
2022-06-24 00:00:00+00:00,21231.65625,21231.65625,21472.91796875,20777.51171875,21084.6484375,24957784918
2022-06-25 00:00:00+00:00,21502.337890625,21502.337890625,21520.9140625,20964.5859375,21233.609375,18372538715
2022-06-26 00:00:00+00:00,21027.294921875,21027.294921875,21783.724609375,21016.26953125,21496.494140625,18027170497
2022-06-27 00:00:00+00:00,20735.478515625,20735.478515625,21478.08984375,20620.19921875,21028.23828125,20965695707
2022-06-28 00:00:00+00:00,20280.634765625,20280.634765625,21164.423828125,20228.8125,20731.544921875,21381535161
2022-06-29 00:00:00+00:00,20104.0234375,20104.0234375,20364.15625,19937.791015625,20281.169921875,23552740328
2022-06-30 00:00:00+00:00,19784.7265625,19784.7265625,20141.16015625,18729.65625,20108.3125,26267239923
2022-07-01 00:00:00+00:00,19269.3671875,19269.3671875,20632.671875,19073.708984375,19820.470703125,30767551159
2022-07-02 00:00:00+00:00,19242.255859375,19242.255859375,19371.748046875,19027.08203125,19274.8359375,18100418740
2022-07-03 00:00:00+00:00,19297.076171875,19297.076171875,19558.26953125,18966.951171875,19242.095703125,16390821947
2022-07-04 00:00:00+00:00,20231.26171875,20231.26171875,20258.748046875,19063.06640625,19297.314453125,21594638208
2022-07-05 00:00:00+00:00,20190.115234375,20190.115234375,20635.466796875,19341.232421875,20225.353515625,26715546990
2022-07-06 00:00:00+00:00,20548.24609375,20548.24609375,20595.529296875,19823.51171875,20194.619140625,24598943708
2022-07-07 00:00:00+00:00,21637.587890625,21637.587890625,21771.81640625,20296.103515625,20547.814453125,25814972520
2022-07-08 00:00:00+00:00,21731.1171875,21731.1171875,22314.94140625,21257.453125,21637.154296875,49899834488
2022-07-09 00:00:00+00:00,21592.20703125,21592.20703125,21877.138671875,21445.95703125,21716.828125,29641127858
2022-07-10 00:00:00+00:00,20860.44921875,20860.44921875,21591.080078125,20727.123046875,21591.080078125,28688807249
2022-07-11 00:00:00+00:00,19970.556640625,19970.556640625,20856.353515625,19924.5390625,20856.353515625,24150249025
2022-07-12 00:00:00+00:00,19323.9140625,19323.9140625,20043.4453125,19308.53125,19970.474609375,25810220018
2022-07-13 00:00:00+00:00,20212.07421875,20212.07421875,20223.052734375,18999.953125,19325.97265625,33042430345
2022-07-14 00:00:00+00:00,20569.919921875,20569.919921875,20789.89453125,19689.2578125,20211.466796875,31158743333
2022-07-15 00:00:00+00:00,20836.328125,20836.328125,21138.244140625,20397.0,20573.15625,25905575359
2022-07-16 00:00:00+00:00,21190.31640625,21190.31640625,21514.404296875,20518.8984375,20834.103515625,24302954056
2022-07-17 00:00:00+00:00,20779.34375,20779.34375,21600.640625,20778.1796875,21195.041015625,22927802083
2022-07-18 00:00:00+00:00,22485.689453125,22485.689453125,22633.033203125,20781.912109375,20781.912109375,39974475562
2022-07-19 00:00:00+00:00,23389.43359375,23389.43359375,23666.962890625,21683.40625,22467.849609375,48765202697
2022-07-20 00:00:00+00:00,23231.732421875,23231.732421875,24196.818359375,23009.94921875,23393.19140625,42932549127
2022-07-21 00:00:00+00:00,23164.62890625,23164.62890625,23388.322265625,22431.1484375,23233.201171875,33631012204
2022-07-22 00:00:00+00:00,22714.978515625,22714.978515625,23671.927734375,22603.416015625,23163.751953125,31421555646
2022-07-23 00:00:00+00:00,22465.478515625,22465.478515625,22977.2109375,22002.91015625,22706.984375,24021799169
2022-07-24 00:00:00+00:00,22609.1640625,22609.1640625,22974.001953125,22306.83984375,22465.509765625,23565495303
2022-07-25 00:00:00+00:00,21361.701171875,21361.701171875,22649.12109375,21361.642578125,22607.15625,35574561406
2022-07-26 00:00:00+00:00,21239.75390625,21239.75390625,21361.12109375,20776.81640625,21361.12109375,28624673855
2022-07-27 00:00:00+00:00,22930.548828125,22930.548828125,22986.529296875,21070.806640625,21244.169921875,31758955233
2022-07-28 00:00:00+00:00,23843.88671875,23843.88671875,24110.470703125,22722.265625,22933.640625,40212386158
2022-07-29 00:00:00+00:00,23804.6328125,23804.6328125,24294.787109375,23481.173828125,23845.212890625,35887249746
2022-07-30 00:00:00+00:00,23656.20703125,23656.20703125,24572.580078125,23580.5078125,23796.818359375,28148218301
2022-07-31 00:00:00+00:00,23336.896484375,23336.896484375,24121.642578125,23275.703125,23652.0703125,23553591896
2022-08-01 00:00:00+00:00,23314.19921875,23314.19921875,23464.787109375,22890.796875,23336.71875,25849159141
2022-08-02 00:00:00+00:00,22978.1171875,22978.1171875,23415.041015625,22710.083984375,23308.43359375,28389250717
2022-08-03 00:00:00+00:00,22846.5078125,22846.5078125,23578.650390625,22747.8359375,22981.302734375,26288169966
2022-08-04 00:00:00+00:00,22630.95703125,22630.95703125,23198.009765625,22485.701171875,22848.21484375,25120229769
2022-08-05 00:00:00+00:00,23289.314453125,23289.314453125,23422.828125,22612.177734375,22626.833984375,28881249043
2022-08-06 00:00:00+00:00,22961.279296875,22961.279296875,23326.5625,22961.279296875,23291.423828125,15978259885
2022-08-07 00:00:00+00:00,23175.890625,23175.890625,23359.009765625,22894.556640625,22963.505859375,15886817043
2022-08-08 00:00:00+00:00,23809.486328125,23809.486328125,24203.689453125,23176.546875,23179.52734375,28575544847
2022-08-09 00:00:00+00:00,23164.318359375,23164.318359375,23898.615234375,22982.0,23811.484375,23555719219
2022-08-10 00:00:00+00:00,23947.642578125,23947.642578125,24127.4140625,22771.51953125,23162.8984375,32837431722
2022-08-11 00:00:00+00:00,23957.529296875,23957.529296875,24822.62890625,23900.99609375,23948.345703125,37127036580
2022-08-12 00:00:00+00:00,24402.818359375,24402.818359375,24412.56640625,23657.265625,23957.203125,27265804688
2022-08-13 00:00:00+00:00,24424.068359375,24424.068359375,24860.05078125,24346.115234375,24402.1875,22987346289
2022-08-14 00:00:00+00:00,24319.333984375,24319.333984375,24974.9140625,24206.259765625,24429.056640625,22994133555
2022-08-15 00:00:00+00:00,24136.97265625,24136.97265625,25135.58984375,23839.775390625,24318.31640625,35123501685
2022-08-16 00:00:00+00:00,23883.291015625,23883.291015625,24228.416015625,23733.5,24126.13671875,27753685646
2022-08-17 00:00:00+00:00,23335.998046875,23335.998046875,24407.05859375,23243.353515625,23881.31640625,30931623076
2022-08-18 00:00:00+00:00,23212.73828125,23212.73828125,23563.83203125,23177.6015625,23341.0390625,23747613147
2022-08-19 00:00:00+00:00,20877.552734375,20877.552734375,23213.3125,20868.84765625,23213.3125,40509610260
2022-08-20 00:00:00+00:00,21166.060546875,21166.060546875,21350.806640625,20856.73046875,20872.841796875,27595671000
2022-08-21 00:00:00+00:00,21534.12109375,21534.12109375,21668.845703125,21103.197265625,21160.392578125,23102307723
2022-08-22 00:00:00+00:00,21398.908203125,21398.908203125,21531.462890625,20939.18359375,21531.462890625,31666498758
2022-08-23 00:00:00+00:00,21528.087890625,21528.087890625,21646.203125,20955.138671875,21401.044921875,31878280659
2022-08-24 00:00:00+00:00,21395.01953125,21395.01953125,21783.076171875,21195.005859375,21526.455078125,31962253368
2022-08-25 00:00:00+00:00,21600.904296875,21600.904296875,21789.63671875,21362.44140625,21395.458984375,31028679593
2022-08-26 00:00:00+00:00,20260.01953125,20260.01953125,21804.908203125,20199.482421875,21596.0859375,42326789564
2022-08-27 00:00:00+00:00,20041.73828125,20041.73828125,20340.775390625,19890.5234375,20262.48046875,30116729776
2022-08-28 00:00:00+00:00,19616.814453125,19616.814453125,20139.0546875,19616.814453125,20041.03515625,24366810591
2022-08-29 00:00:00+00:00,20297.994140625,20297.994140625,20357.462890625,19600.78515625,19615.154296875,32637854078
2022-08-30 00:00:00+00:00,19796.80859375,19796.80859375,20542.64453125,19617.640625,20298.611328125,34483360283
2022-08-31 00:00:00+00:00,20049.763671875,20049.763671875,20420.990234375,19799.58203125,19799.58203125,33225232872
2022-09-01 00:00:00+00:00,20127.140625,20127.140625,20198.390625,19653.96875,20050.498046875,30182031010
2022-09-02 00:00:00+00:00,19969.771484375,19969.771484375,20401.568359375,19814.765625,20126.072265625,29123998928
2022-09-03 00:00:00+00:00,19832.087890625,19832.087890625,20037.009765625,19698.35546875,19969.71875,23613051457
2022-09-04 00:00:00+00:00,19986.712890625,19986.712890625,19999.689453125,19636.81640625,19832.470703125,25245861652
2022-09-05 00:00:00+00:00,19812.37109375,19812.37109375,20031.16015625,19673.046875,19988.7890625,28813460025
2022-09-06 00:00:00+00:00,18837.66796875,18837.66796875,20155.26953125,18800.171875,19817.724609375,43403978910
2022-09-07 00:00:00+00:00,19290.32421875,19290.32421875,19427.171875,18644.466796875,18837.68359375,35239757134
2022-09-08 00:00:00+00:00,19329.833984375,19329.833984375,19417.3515625,19076.71484375,19289.94140625,32194477850
2022-09-09 00:00:00+00:00,21381.15234375,21381.15234375,21439.41015625,19310.962890625,19328.140625,48469528171
2022-09-10 00:00:00+00:00,21680.5390625,21680.5390625,21760.275390625,21168.72265625,21376.912109375,36913738894
2022-09-11 00:00:00+00:00,21769.255859375,21769.255859375,21770.552734375,21406.9453125,21678.54296875,34493951963
2022-09-12 00:00:00+00:00,22370.44921875,22370.44921875,22439.181640625,21603.896484375,21770.1484375,50212088965
2022-09-13 00:00:00+00:00,20296.70703125,20296.70703125,22673.8203125,20062.669921875,22371.48046875,51091116622
2022-09-14 00:00:00+00:00,20241.08984375,20241.08984375,20467.201171875,19793.396484375,20184.5546875,37872380889
2022-09-15 00:00:00+00:00,19701.2109375,19701.2109375,20318.166015625,19636.734375,20242.2890625,36389011503
2022-09-16 00:00:00+00:00,19772.583984375,19772.583984375,19870.62890625,19400.076171875,19704.005859375,30123362273
2022-09-17 00:00:00+00:00,20127.576171875,20127.576171875,20162.53125,19777.033203125,19777.033203125,24957448100
2022-09-18 00:00:00+00:00,19419.505859375,19419.505859375,20127.234375,19387.4921875,20127.234375,31254779144
2022-09-19 00:00:00+00:00,19544.12890625,19544.12890625,19639.48046875,18390.318359375,19418.572265625,40177002624
2022-09-20 00:00:00+00:00,18890.7890625,18890.7890625,19602.45703125,18813.455078125,19545.591796875,36791346508
2022-09-21 00:00:00+00:00,18547.400390625,18547.400390625,19674.630859375,18290.314453125,18891.283203125,46363793975
2022-09-22 00:00:00+00:00,19413.55078125,19413.55078125,19456.91015625,18415.591796875,18534.650390625,41135767926
2022-09-23 00:00:00+00:00,19297.638671875,19297.638671875,19464.671875,18617.552734375,19412.400390625,38896078052
2022-09-24 00:00:00+00:00,18937.01171875,18937.01171875,19310.197265625,18861.974609375,19296.990234375,26149643168
2022-09-25 00:00:00+00:00,18802.09765625,18802.09765625,19134.732421875,18696.46875,18936.310546875,23359966112
2022-09-26 00:00:00+00:00,19222.671875,19222.671875,19274.873046875,18721.28515625,18803.900390625,44148798321
2022-09-27 00:00:00+00:00,19110.546875,19110.546875,20338.455078125,18915.66796875,19221.83984375,58571439619
2022-09-28 00:00:00+00:00,19426.720703125,19426.720703125,19688.34375,18553.296875,19104.62109375,53071298734
2022-09-29 00:00:00+00:00,19573.05078125,19573.05078125,19589.265625,18924.353515625,19427.779296875,41037843771
2022-09-30 00:00:00+00:00,19431.7890625,19431.7890625,20109.849609375,19265.662109375,19573.431640625,43975248085
2022-10-01 00:00:00+00:00,19312.095703125,19312.095703125,19471.154296875,19231.08203125,19431.10546875,18719537670
2022-10-02 00:00:00+00:00,19044.107421875,19044.107421875,19370.30859375,18970.62109375,19311.849609375,20765955327
2022-10-03 00:00:00+00:00,19623.580078125,19623.580078125,19653.54296875,19025.2265625,19044.068359375,30484729489
2022-10-04 00:00:00+00:00,20336.84375,20336.84375,20380.34375,19523.83984375,19623.583984375,35887278685
2022-10-05 00:00:00+00:00,20160.716796875,20160.716796875,20343.748046875,19801.80078125,20335.900390625,33223790572
2022-10-06 00:00:00+00:00,19955.443359375,19955.443359375,20408.392578125,19900.087890625,20161.0390625,34711412966
2022-10-07 00:00:00+00:00,19546.849609375,19546.849609375,20041.0859375,19395.79296875,19957.55859375,29227315390
2022-10-08 00:00:00+00:00,19416.568359375,19416.568359375,19601.6953125,19299.4140625,19546.328125,16437423167
2022-10-09 00:00:00+00:00,19446.42578125,19446.42578125,19542.5390625,19349.259765625,19417.478515625,16837262532
2022-10-10 00:00:00+00:00,19141.484375,19141.484375,19515.466796875,19102.978515625,19446.416015625,27425022774
2022-10-11 00:00:00+00:00,19051.41796875,19051.41796875,19241.9609375,18925.603515625,19139.0,28711532910
2022-10-12 00:00:00+00:00,19157.4453125,19157.4453125,19203.19921875,19029.7578125,19052.646484375,24950173846
2022-10-13 00:00:00+00:00,19382.904296875,19382.904296875,19453.328125,18319.822265625,19156.966796875,44219840004
2022-10-14 00:00:00+00:00,19185.65625,19185.65625,19889.146484375,19115.408203125,19382.533203125,38452356727
2022-10-15 00:00:00+00:00,19067.634765625,19067.634765625,19212.541015625,19019.25,19185.4375,16192235532
2022-10-16 00:00:00+00:00,19268.09375,19268.09375,19389.603515625,19068.9140625,19068.9140625,17988916650
2022-10-17 00:00:00+00:00,19550.7578125,19550.7578125,19635.802734375,19173.333984375,19268.5625,27472552998
2022-10-18 00:00:00+00:00,19334.416015625,19334.416015625,19666.994140625,19144.76953125,19550.466796875,30580012344
2022-10-19 00:00:00+00:00,19139.53515625,19139.53515625,19348.416015625,19127.6875,19335.02734375,22425387184
2022-10-20 00:00:00+00:00,19053.740234375,19053.740234375,19315.19921875,18971.458984375,19138.0859375,24493974420
2022-10-21 00:00:00+00:00,19172.46875,19172.46875,19237.384765625,18770.970703125,19053.203125,32459287866
2022-10-22 00:00:00+00:00,19208.189453125,19208.189453125,19248.068359375,19132.244140625,19172.380859375,16104440957
2022-10-23 00:00:00+00:00,19567.0078125,19567.0078125,19646.65234375,19124.197265625,19207.734375,22128794335
2022-10-24 00:00:00+00:00,19345.572265625,19345.572265625,19589.125,19206.32421875,19567.76953125,30202235805
2022-10-25 00:00:00+00:00,20095.857421875,20095.857421875,20348.412109375,19261.447265625,19344.96484375,47761524910
2022-10-26 00:00:00+00:00,20770.44140625,20770.44140625,20938.134765625,20076.1171875,20092.236328125,58895950537
2022-10-27 00:00:00+00:00,20285.8359375,20285.8359375,20854.044921875,20255.373046875,20772.802734375,49625110402
2022-10-28 00:00:00+00:00,20595.3515625,20595.3515625,20724.98046875,20086.068359375,20287.95703125,43994715910
2022-10-29 00:00:00+00:00,20818.4765625,20818.4765625,20988.39453125,20566.484375,20595.103515625,40369840645
2022-10-30 00:00:00+00:00,20635.603515625,20635.603515625,20917.005859375,20547.462890625,20817.982421875,31486345556
